Shelley Reviewed ,Date,Brand,Item Count,Priorty,Item sheet link,image link,Preksha ,Reveied by Duddy ,Preksha Comments ,David Comment
,,,,,,,,,,
,,Dress Up America,2130,yes,https://docs.google.com/spreadsheets/d/13sP970DM1x7L9dPc7xd7AUq2L8aeNjbBh1NSaGvm9q8/edit?usp=sharing,https://drive.google.com/drive/folders/1kc41-VkEBN8hI0JDOmcF2A8rK8wm9PkB?usp=drive_link,David Steinberg Added deparmtnet as Purim,Yes,Ready to Review,Department should be Purim
,,Melissa & Doug,898,yes,https://docs.google.com/spreadsheets/d/1GPojMPMwGEisNKB3MyRk3Dh_uuhpbjA2JJBGrbV5sBg/edit?usp=sharing,https://drive.google.com/drive/folders/1YlhxOeBcgVJ1OMgLzwccCrRtGn0BI6gy?usp=drive_link,"David Steinberg Added image link, department and categories, pelase check",,Ready to Review,
,,Lego,812,yes,https://docs.google.com/spreadsheets/d/1NSaJ7dckXV-CNeeTE2WpbM8lypCuUsbxxqXgV8Ymo-Q/edit?usp=drive_link,https://drive.google.com/drive/folders/1x3zEWL4b1dyWqoItQLNFhOX0fKU99TVR?usp=sharing,David Steinberg Added sub categories. Please check,,Ready to Review with sub categories,This need sub categoreis Mentionedin sheet 
,,Hammont,702,yes,https://docs.google.com/spreadsheets/d/1mDvLOluB5o6oxXyWhzZYUnyOV7HbWse_3wQbKtXDhSI/edit?usp=sharing,https://drive.google.com/drive/folders/1vl6wYhbPd_0ok7FXQUlCGkM6N5hW04kD?usp=drive_link,"David Steinberg, Added image link",,Ready to Review,you can add sub categories for this brand items see row 70 in department sheet
,,Darice,584,Yes,https://docs.google.com/spreadsheets/d/1_V-xf4B0-5L_uWuiG6lGPjWCGs7WikupaQof81VRq-A/edit?usp=sharing,https://drive.google.com/drive/folders/1-eel7zphZSeeV68NH87QxMhOtaprt8xJ?usp=drive_link,"shelleytruadm@gmail.com, Added departments in to the sheet. David Steinbergmany items dont have category and deparment. So please look into it.",,Needs categories details as lots of items dont have category,
,,Playmobil,569,yes,https://docs.google.com/spreadsheets/d/1JRul1H48I4ZJYEp_vhxkU3KtUO2vMofxRfVBJajZJ7Q/edit?usp=drive_link,https://drive.google.com/drive/folders/1ZvcpurEV57pPftzG4HgLCDKdlxR_M_1c?usp=drive_link,David Steinberg Added sub categories. Please check,,Ready to Review with sub categories,
,,schleich,503,yes,https://docs.google.com/spreadsheets/d/1re2tUCkJmurYBbBsa_0kU7bPoi2wDi7O/edit?usp=sharing&ouid=100597033232759921672&rtpof=true&sd=true,Images are in the items sheet ,"David Steinberg, Added department and categories and item images in the sheet please check",,Ready to Review,
,,ENDAY,445,yes,https://docs.google.com/spreadsheets/d/1bD7FHj9_qczskyDGWgKGsnK3aL7NnNrhKhutms_QYZU/edit?usp=drive_link,https://drive.google.com/drive/folders/1MKCXz_Un__iP8MutDcPsmLp_r6LpDTOF?usp=drive_link,"David Steinberg, please look for missing categories items as I am not able to map few items",,Ready to Review ,
,,Incento Magic,434,yes,,,"David Steinberg, I havent received any sheet",,,
,,Aurora,413,yes,https://docs.google.com/spreadsheets/d/1kY8sVQBeBnP9zmYyAHHFZv3cJqiYmLeuBD1AjLC883Q/edit?usp=drive_link,,,,Ready to Review without images,
,,BAZIC,382,yes,https://docs.google.com/spreadsheets/d/1B4Y04L4xIdoP306mxtzEu_VMdbqdrTBXQmk_C-klgjw/edit?usp=drive_link,,"David Steinberg, many categories are blank also need reference site for the images download",,,
,,Forum Novelties,379,,,,,,,
,,Rhode Island,309,YES,Rhode Island  Biz,https://drive.google.com/drive/folders/1w6C7XxDc-oDz9oIIdGxlAGRReq-hObg2?usp=drive_link,,,Ready to Review but many items dont have MP numbers. Please fill the missing categories,
,,Playkidiz,297,Yes,https://docs.google.com/spreadsheets/d/1kROK5Pn5JsIU0fsi1Jj1JJrZKIazsb5MiicITAyVX6c/edit?usp=sharing,,,,Few items are missing categories.,
,,NEW YORK DOLL,247,Yes,https://docs.google.com/spreadsheets/d/1WFqFT_XjXOelnS2lI9S8gKTAE5rlkZxL3cYRGN4W0SI/edit?usp=sharing,"Reference Link : https://www.thenewyorkdollcollection.com/

Shloimy Levy",,,,
,,Pokemon,229,,,,,,,
,,HASBRO,223,,,,,,,
,,CAZENOVE,219,,https://docs.google.com/spreadsheets/d/1kLE0qjf4egTN8KyW3_dAmJUB4aW2i_dHtGZnK77cZFA/edit?usp=sharing,Shloimy Levy need images from here:   https://cazenovejudaica.com/us,,,,
,,Wild Republic,218,,,,,,,
,,Morex,208,,https://docs.google.com/spreadsheets/d/1CBw2h8KDLqJuFXHKAnPOD8De75cDUBo_6W7JnPkHUC0/edit?usp=sharing,https://drive.google.com/drive/folders/1z_Yog3iadlpGvTZkGAswrO5Mu-LQX_YE?usp=drive_link,,,Ready To Review,
,,Barbie,208,,,,,,,
,,Kinder Blast,207,,https://docs.google.com/spreadsheets/d/1p4RS1j5fT5Yh_j5YLbrM0yq97FIT_GkUvbc7CVjMuMQ/edit?usp=sharing,Shloimy Levy https://kinderblast.com/ For downloading image data,,,,
,,Mead,177,,,Shloimy Levy https://kinderblast.com/ For downloading image data,,,,
,,Chazak Kinder,176,,,Shloimy Levy https://kinderblast.com/ For downloading image data,,,,
,,HELLO KITTY,169,,,,,,,
,,Marvel,167,,,,,,,
,,Ty,162,,,,,,,
,,Steiff,161,,https://docs.google.com/spreadsheets/d/1WpXBHn8B_qGXrObyUlF-eUdQ-sHmdGSSvknEFFq6NlQ/edit?usp=sharing,Shloimy LevyReference Site: https://www.steiff.com/en-us?srsltid=AfmBOopzg_BBUTdqLRdcZ5LvQHLoyEZSDQZqwehurr9hZFaW-6a65_hZ,,,,
,,IZZY&DIZZY,158,,,Shloimy LevyReference Site: https://www.steiff.com/en-us?srsltid=AfmBOopzg_BBUTdqLRdcZ5LvQHLoyEZSDQZqwehurr9hZFaW-6a65_hZ,,,,
,,Lchaim,155,,https://docs.google.com/spreadsheets/d/1nxVzi3RN5STkbwT4cD0OyqaTehMHChtssDgEiYcH0Nk/edit?usp=sharing,https://drive.google.com/drive/folders/1zVxSsyOrXFEa1-OnzY0hm34c3UeBO895?usp=drive_link,,,Ready To Review,
,,Crayola,154,,,Shloimy LevyReference Site: https://www.steiff.com/en-us?srsltid=AfmBOopzg_BBUTdqLRdcZ5LvQHLoyEZSDQZqwehurr9hZFaW-6a65_hZ,,,,
,,Mitzvah Kinder,151,Yes,https://docs.google.com/spreadsheets/d/1P8YBHpBr8JYq41uVHY2CZQL1MlH-Kx0d/edit?usp=drive_link&ouid=100597033232759921672&rtpof=true&sd=true,https://drive.google.com/drive/folders/1aNGG7IcVvDZO6i9NE08bPMPJRlMWIX3b?usp=drive_link,,,Ready To Review,
,,MITZVAH MIND,150,Yes,https://docs.google.com/spreadsheets/d/1aHRljvxW-wx1r_tk32TjA56kfas_kfNr/edit?usp=drive_link&ouid=100597033232759921672&rtpof=true&sd=true,https://drive.google.com/drive/folders/1FH0woQAO1z4Z2YDiGFUSnEL3gYvZkKPh?usp=drive_link,,yes ,Ready To Review,The brand should be a department 
,,Hot Wheels,145,,,,,,,
,,Mickey and Friends,130,,,,,,,
,,Rubies,129,,,,,,,
,,Rina & Dina,128,,https://docs.google.com/spreadsheets/d/1Te5SttAynuJV76RVXp9I931Aq8D451b7u1mxq3Oh3hU/edit?usp=drive_link,https://drive.google.com/drive/folders/1zrT3KWSN4EdiNGFcDGD0BRI4cl3qWcm7?usp=drive_link,,"Yes, all Category was updated are done ",Ready To Review,
,,Fisher-Price,126,YES,,Shloimy LevyReference Site: https://www.steiff.com/en-us?srsltid=AfmBOopzg_BBUTdqLRdcZ5LvQHLoyEZSDQZqwehurr9hZFaW-6a65_hZ,,,,
,,Samvix,126,,https://docs.google.com/spreadsheets/d/1f3xjT_n_hS7Wpp5LgryuxEZTBehnCLeyRdE1lR70eXo/edit?usp=sharing,ref link:  https://www.bhphotovideo.com/,,,,
,,Great Pretenders,120,,,,,,,
,,Point Games,118,Yes,,Shloimy LevyReference Site: https://www.steiff.com/en-us?srsltid=AfmBOopzg_BBUTdqLRdcZ5LvQHLoyEZSDQZqwehurr9hZFaW-6a65_hZ,,,,
,,ROYAL DELUXE,118,,,,,,,
,,Ravensburger,116,,,,,,,
,,Kinder Shpiel,114,,,Shloimy LevyReference Site: https://www.steiff.com/en-us?srsltid=AfmBOopzg_BBUTdqLRdcZ5LvQHLoyEZSDQZqwehurr9hZFaW-6a65_hZ,,,,
,,Charm-It,108,,,,,,,
,,Calico Critters,106,,,,,,,
,,Lollipops,105,,,,,,,
,,DC,100,,,,,,,
,,Squishables,99,,,,,,,
,,NEW BOUNCE,92,Yes,https://docs.google.com/spreadsheets/d/1Q-aB3_gtA6G-R9wLnNTbzV5V_lm-rdSEpvWYp0S2jLg/edit?usp=drive_link,,,,,
,,CASIO,92,,,,,,,
,,Iscream,92,,,,,,,
,,JA-RU,90,,,,,,,
,,DARON,89,,,,,,,
,,Colours Craft,85,Yes,https://docs.google.com/spreadsheets/d/1T3fnUzr8nS8H5ssCn-G1TILdpd0Opy0KrUHK5PEXKuc/edit?usp=sharing,https://drive.google.com/drive/folders/11JWa38Z2gHEVawdR1s-vdOuCWOgtNYkU?usp=drive_link,,,Ready To Review,
,,corolle,82,,,,,,,
,,Make it Real,80,YES,https://docs.google.com/spreadsheets/d/132uG7Se_GoTtWhIozr0ioFdpWmMRdzsyP6sdtFlBLSM/edit?usp=drive_link,https://drive.google.com/drive/folders/1rkiyfqQmciI6CErznlgci3oSzZSQLTlf?usp=drive_link,,,Ready To Review,
,,Q&Q,80,,,,,,,
,,Living Nature,80,,,,,,,
,,Kindervelt,78,,,,,,,
,,Nigun,77,,,,,,,
,,PILOT,75,,,,,,,
,,bruder,72,YES,https://docs.google.com/spreadsheets/d/1c1Qh55EHhsR0Jb6ReMP2w0A3yQXU9tJNh7bV1sQGn1w/edit?usp=drive_link,,,,,
,,Nikko,70,,,,,,,
,,Care Bears,70,,,,,,,
,,Disney Princess,70,,,,,,,
,,Chazak,67,,https://docs.google.com/spreadsheets/d/1Iv74C8jS-ST9246hTOh9df6FkxnygazTX91H6FIDRw4/edit?usp=sharing,,,,,
,,Play-Doh,65,YES,https://docs.google.com/spreadsheets/d/11EDkcZZsXyNETYAzMd-EYSk0kd-sHjwvJCrINOP8zaM/edit?usp=sharing,,,,,
,,Learning Resources,64,,,,,,,
,,Play Build,63,yes,https://docs.google.com/spreadsheets/d/1cI8EEY68_Ve61v9r5SiOHSMRykLJEOhL9H4e8so74rw/edit?usp=drive_link,https://drive.google.com/drive/folders/1Nn1kRPV6CekS1tFz6jC4CswpqJECwZZ1?usp=drive_link,,,Ready to Review,
,,Perler,62,YES,,,,,,
,,Transformers,62,,,,,,,
,,METAL EARTH,61,YES,https://docs.google.com/spreadsheets/d/1Gwe3_D7n7qaRIAGVJ0QZgsaaZiuQUL1Y4SXtP--f4uU/edit?usp=drive_link,"Shloimy Levy Refrence link : https://www.metalearth.com/
",,,,
,,WINNING MOVES,60,YES,https://docs.google.com/spreadsheets/d/1Xypdo82ug3HJi61bSuP6k1UJ3tBvZLKGab7Lf3PC7s4/edit?usp=sharing,Shloimy Levy Refrence site: https://winning-moves.com/,,,,
,,NER MITZVAH,60,,,,,,,
,,KENT,59,YES,https://docs.google.com/spreadsheets/d/1p9Vx569XOxoTDWUqShl3m5eSRmwIKTru/edit?usp=sharing&ouid=100597033232759921672&rtpof=true&sd=true,"Shloimy Levy need images from https://kent.bike/?srsltid=AfmBOorExuj60gpE8o4efnPt5Usd-WOVaARkgquNFPuyrBAPPHdwOWse
",,,,
,,VTECH,58,Yes,,,,,,
,,WINFUN,58,Yes,,,,,,
,,Scrunchems,55,,,,,,,
,,Sesame Street,54,,,,,,,
,,Playmags,53,Yes,,,,,,
,,Gigo,51,yes,https://docs.google.com/spreadsheets/d/1i18-ZOtmEqDP9_coQWkK9uD1Gg-0zTLMivzdCQfHDj8/edit?usp=drive_link,https://drive.google.com/drive/folders/1yzsjy5p0hkIfNFbo8f6gRqBejfGcnVeT?usp=drive_link,,,Ready To Review,
,,Cra-Z-Art,50,,,,,,,
,,Monster High,49,,,,,,,
,,Educational Insights,47,,,,,,,
,,MINDWARE,47,,,,,,,
,,Puzelworx,46,Yes,,,,,,
,,BELL,46,,,,,,,
,,Master Pieces,45,,,,,,,
,,WWE,45,,,,,,,
,,Jurassic World,45,,,,,,,
,,Star Wars,45,,,,,,,
,,Bluey,44,,,,,,,
,,TOP TRUMPS,44,,,,,,,
,,GoPlay,43,yes,https://docs.google.com/spreadsheets/d/1sZwpjm4ItQh2KCYxyBroshLdI5HJ_iFFwvilmBuFkjw/edit?usp=sharing,"Shloimy Levy, need to downlaod images from google",,awating images from supplier ,,
,,Creativity for Kids,43,,,,,,,
,,L.O.L. Surprise,43,,,,,,,
,,liberty coke,42,,,,,,,
,,Rubik's,42,Yes,,,,,,
,,Frozen,42,,,,,,,
,,Cobble Hill,41,,,,,,,
,,Super Mario,40,,,,,,,
,,Funko Figures,40,,,,,,,
,,Playmonster,39,,,,,,,
,,Enchanted Moments,39,,,,,,,
,,Sonic,38,,,,,,,
,,Monster Jam,38,,,,,,,
,,Thinkfun,37,,,,,,,
,,Diora,36,,,,,,,
,,Sukkah Star,36,,,,,,,
,,MOORE,35,yes,https://docs.google.com/spreadsheets/d/1XkOEoCVd6PtbqxNxIMcgppskB9MwHXBkKbocgRoZK3Q/edit?usp=drive_link,,,,,
,,Paw Patrol,35,,,,,,,
,,Tobar,35,,,,,,,
,,Mostly Music,35,,,,,,,
,,Hachai Publishing,34,,,,,,,
,,ORB,34,,,,,,,
,,TINY LOVE,34,,,,,,,
,,POPULAR PLAYTHINGS,34,,,,,,,
,,Quercetti,34,,,,,,,
,,Intex,34,,,,,,,
,,Kangaru,33,,,,,,,
,,Thomas & Friends,33,,,,,,,
,,BIC,33,,,,,,,
,,Riptunes,32,,,,,,,
,,Audster,31,Yes,,,,,,
,,PENTEL,31,,,,,,,
,,BZ Kinder,31,,,,,,,
,,Blue Marble,31,,,,,,,
,,One Piece,31,,,,,,,
,,Razor,30,,https://docs.google.com/spreadsheets/d/1Q7ltzpx-fTM4aSOcUk-Fgpvba82k00iTjNF1zhQB27I/edit?usp=drive_link,,,,,
,,Nickelodeon,30,,,,,,,
,,Dragon Ball Z,30,,,,,,,
,,LITTLE TIKES,30,,,,,,,
,,Atiko,29,YES,https://docs.google.com/spreadsheets/d/1B4lKooxcy906f938o2ZHg5tXQkvAyDJ18EqIqad3diM/edit?usp=sharing,"https://drive.google.com/file/d/1lGWQvSxQeFakq-kgN8uWQqOCTWTogla6/view?usp=drive_link, https://drive.google.com/file/d/1R9Co6uiAx7vIEEDAlvPatllJcTQUqdbU/view?usp=drive_link, https://drive.google.com/file/d/1cUkMdwPE4VtfEVIe0ONKF8ERDxGiO2eg/view?usp=drive_link, https://drive.google.com/file/d/1prQ1vM3q7qyN4a7qlS2_BdCno8hFhLXE/view?usp=drive_link, https://drive.google.com/file/d/19TbkjEa7w_0705b5NiMzti2VPnlsEFHi/view?usp=drive_link, https://drive.google.com/file/d/12HDispvZJE1WTzufuGExeZAR7jRlW6Mb/view?usp=drive_link, https://drive.google.com/file/d/1sW2LFaHtjHOj0Dh8DwdcOlHfZ7EYDvw0/view?usp=drive_link, https://drive.google.com/file/d/1IxQHPQcYgXxyKYoHGZi6UaA9zviZ66T1/view?usp=drive_link, https://drive.google.com/file/d/17moR-i7lKH0KZ-McFl7yuWUf2avkx1yp/view?usp=drive_link, https://drive.google.com/file/d/1f6_v2PxR9u7kc92YV_P4cx6eK_jtm957/view?usp=drive_link, https://drive.google.com/file/d/162LeTlzCo0V-f2LnEGcQwOyLI7WvP5iv/view?usp=drive_link, https://drive.google.com/file/d/12YbnYlKF2rhsxWRH7Be__N92MNc1GThP/view?usp=drive_link, https://drive.google.com/file/d/1puzzLs7W3hRwzWQhRv0ss5Qy5ohWDHxk/view?usp=drive_link, https://drive.google.com/file/d/1OWmaaAVUMZgW-1oJ7Var9NHu0OG_0H-S/view?usp=drive_link, https://drive.google.com/file/d/1vDbhfhXaz0lDuh8EbYzcEfZrpdi8mBzo/view?usp=drive_link, https://drive.google.com/file/d/1W00UEGzzh6CE863fLwfikSW-xuj39DJm/view?usp=drive_link, https://drive.google.com/file/d/18devINx_rKIxr_62632eGBoBJ3dZwt1o/view?usp=drive_link",,,Ready To Review,
,,Gabby`s Dollhouse,29,,,,,,,
,,Baby Alive,29,,,,,,,
,,Judaica Press,28,,,,,,,
,,Nerf,28,,,,,,,
,,Pressman,28,,,,,,,
,,Sponge Bob,28,,,,,,,
,,Mitzvah Family,27,,,,,,,
,,Toy Story,27,,,,,,,
,,A+Homework,27,,,,,,,
,,Oppenheimer,27,,,,,,,
,,FISKARS,26,,,,,,,
,,Fantasma,26,,,,,,,
,,iScholar,26,,,,,,,
,,3M,26,,,,,,,
,,K'NEX,25,,,,,,,
,,Creative Kids,25,,,,,,,
,,BLUE ORANGE,25,,,,,,,
,,ALEX,25,,,,,,,
,,Astor Chocolate,25,,,,,,,
,,Zweet,25,,,,,,,
,,Puffin Books,24,,,,,,,
,,Step 2,24,,,,,,,
,,Yookidoo,24,,,,,,,
,,Goliath,24,,,,,,,
,,Five Nights of Freddy,23,,,,,,,
,,Teenage Mutant Ninja Turtles,23,,,,,,,
,,Winnie The Pooh,22,,,,,,,
,,Lilo & Stitch,22,,,,,,,
,,Beyblades,22,,,,,,,
,,FAT BRAIN TOY CO.,22,,,,,,,
,,Wrebbit,22,,,,,,,
,,Smart games,22,,,,,,,
,,Do A Dot Art,22,,,,,,,
,,Marvin's Magic,21,Yes,,,,,,
,,Schleich,21,,,,,,,
,,Armitron,21,,,,,,,
,,Amigo Games,21,,,,,,,
,,CRAFTADOO,21,,,,,,,
,,Jewish Educational Toys,21,,,,,,,
,,SANDS,20,yes,https://docs.google.com/spreadsheets/d/1tG-FDZNW-Mbyp0uQU1oR_nMiahKHpMEv2p8wYKgo5uM/edit?usp=drive_link,https://docs.google.com/spreadsheets/d/1XkOEoCVd6PtbqxNxIMcgppskB9MwHXBkKbocgRoZK3Q/edit?usp=sharing,,,,
,,Tolo,20,,,,,,,
,,Minecraft,20,,,,,,,
,,Cindus,20,,,,,,,
,,Rainbow High,20,,,,,,,
,,Blubel,20,,,,,,,
,,Maco,20,,,,,,,
,,KIDZTECH,19,Yes,,,,,,
,,Ovvel,19,,,,,,,
,,Handee,18,,,,,,,
,,Naruto,18,,,,,,,
,,Segway,18,,,,,,,
,,Fashion Angels,18,,,,,,,
,,clics,17,,,,,,,
,,Gamewright,17,,,,,,,
,,Kids Preferred,17,,,,,,,
,,Duncan,17,,,,,,,
,,Godzilla,16,,,,,,,
,,Sassy,16,,,,,,,
,,Penguin,16,,,,,,,
,,Blues Clues,16,,,,,,,
,,Pop Icons,15,,,,,,,
,,Tonies,15,,,,,,,
,,PANASONIC,15,,,,,,,
,,Toy Network,15,,,,,,,
,,Perplexus,14,,,,,,,
,,SPEEDO,14,,,,,,,
,,BANAZI,14,,,,,,,
,,Mattel,14,,,,,,,
,,mefoar,14,,,,,,,
,,Champion Sports,14,,,,,,,
,,Cocomelon,14,,,,,,,
,,Abstract,13,,,,,,,
,,Harry Potter,13,,,,,,,
,,Lchaim Kinder,13,,,,,,,
,,Dimensions,13,,,,,,,
,,ELMER'S,13,,,,,,,
,,Incredible Group,13,,,,,,,
,,Matchbox,13,,,,,,,
,,New York Puzzle Company,13,,,,,,,
,,bulk buys,13,,,,,,,
,,GI Joe,13,,,,,,,
,,Brainwright,13,,,,,,,
,,FIVE STAR,13,,,,,,,
,,Schylling,13,,,,,,,
,,Playkidiz Art,12,yes,,,,,,
,,Masters of the Universe,12,,,,,,,
,,Magic the Gathering,12,,,,,,,
,,Just Like Home,12,,,,,,,
,,Kenda,12,,,,,,,
,,Sony,12,,,,,,,
,,AMBY,12,,,,,,,
,,Everbright Trading,12,,,,,,,
,,How to Train Your Dragon,12,,,,,,,
,,Disney,12,,,,,,,
,,EUROGEAR,12,,,,,,,
,,Goliath,12,,,,,,,
,,Daulan Art,12,,,,,,,
,,FUBBLES,12,,,,,,,
,,American Doll,11,,,,,,,
,,Pacon,11,,,,,,,
,,Bratz,11,,,,,,,
,,TRANSCEND,11,,,,,,,
,,Demon Slayer,11,,,,,,,
,,Kultz,11,,,,,,,
,,Disney Cars,11,,,,,,,
,,WESTCLOX,11,,,,,,,
,,SLIMYSAND,10,,,,,,,
,,BASIC FUN,10,,,,,,,
,,Eclips,10,,,,,,,
,,Descendants,10,,,,,,,
,,Disney's Wish,10,,,,,,,
,,Ceaco,10,,,,,,,
,,SHARPIE,10,,,,,,,
,,EXPO,10,,,,,,,
,,Saint Seiya,10,,,,,,,
,,AmoreCreations,10,,,,,,,
,,Obilo,10,,,,,,,
,,EVEREST,10,,,,,,,
,,PAPER CRAFT,10,,,,,,,
,,Energizer,9,,,,,,,
,,OOPS,9,,,,,,,
,,Micro,9,,,,,,,
,,Baby Shark,9,,,,,,,
,,Hasbro,9,,,,,,,
,,Avatar,9,,,,,,,
,,King Kong,8,,,,,,,
,,Doorables,8,,,,,,,
,,staedtler,8,,,,,,,
,,Labubu,8,,,,,,,
,,Kinder Crafts,8,,,,,,,
,,White Mountain,8,,,,,,,
,,Swingline,8,,,,,,,
,,Zazers,8,,,,,,,
,,Bakugan,8,,,,,,,
,,Aeromax,8,,,,,,,
,,Ms.Rachel,8,,,,,,,
,,Silverlit,8,,,,,,,
,,Bubblegum Stuff,7,https://docs.google.com/spreadsheets/d/1xGFO9UdbX6J5wnYa5ws6tDvFYETAbM0N-xdEzPVDAYE/edit?usp=sharing,https://drive.google.com/drive/folders/1Jju7UoseYta7Orbte_2NnUbq_Hlz4gaU?usp=drive_link,,,,Ready to review,
,,Spinmaster,117,https://docs.google.com/spreadsheets/d/1ApXm_6bRTKzo-2Y6hF8DSnFuf-kBnGtUuZigmJX1N6Y/edit?usp=sharing,https://drive.google.com/drive/folders/1btZ1V1dDHmlUXyYrfes2HjSrsJzwAOtu?usp=drive_link,,,,Ready to review,
,,HarperCollins,7,,,,,,,
,,Water Sports,7,,,,,,,
,,Jazzwares,7,,,,,,,
,,Mini Brands,7,,,,,,,
,,The Elf on the Shelf,7,,,,,,,
,,The Magic School Bus,7,,,,,,,
,,Office Depot,7,,,,,,,
,,Cry Babies,7,,,,,,,
,,Superio,7,,,,,,,
,,LOL Surprise,7,,,,,,,
,,Kidoozia,6,,,,,,,
,,Nee Doh,6,,,,,,,
,,JBL,6,,,,,,,
,,Sandisk,6,,,,,,,
,,Miniverse,6,,,,,,,
,,Wicked,6,,,,,,,
,,Stranger Things,6,,,,,,,
,,Aquablu,6,,,,,,,
,,Stretcheez,6,,,,,,,
,,Dolphin Hat Games,6,,,,,,,
,,ImagineTRAX,6,,,,,,,
,,ICEE,6,,,,,,,
,,Mehron,6,,,,,,,
,,Grant Bowman,6,,,,,,,
,,Thin Air,6,,,,,,,
,,Hi-Q,6,,,,,,,
,,Spirograph,6,,,,,,,
,,Zipin,6,,,,,,,
,,My Hero Academia,5,,,,,,,
,,Lion King,5,,,,,,,
,,UP & UP,5,,,,,,,
,,Power Rangers,5,,,,,,,
,,Alliance,5,,,,,,,
,,TENZI,5,,,,,,,
,,Handstand Kitchen,5,,,,,,,
,,Casio,5,,,,,,,
,,Roll It,5,,,,,,,
,,Cookeez,5,,,,,,,
,,One for Fun,5,,,,,,,
,,mattel,5,,,,,,,
,,Mattel Spirit,5,,,,,,,
,,Zootopia,5,,,,,,,
,,Steve Spangler,5,,,,,,,
,,SUNNY DAYS,4,,,,,,,
,,Yu-Gi-Oh,4,,,,,,,
,,IMPECCA,4,,,,,,,
,,You & Me,4,,,,,,,
,,Minions,4,,,,,,,
,,Upper Deck,4,,,,,,,
,,Goo Jit Zu,4,,,,,,,
,,Radio Flyer,4,,,,,,,
,,simply,4,,,,,,,
,,BubblePlay,4,,,,,,,
,,Yiddish Toys,4,,,,,,,
,,Miku,4,,,,,,,
,,UNO,4,,,,,,,
,,Peppa Pig,4,,,,,,,
,,Mega Bloks,4,,,,,,,
,,Pilot,3,,,,,,,
,,Digimon,3,,,,,,,
,,Pac-man,3,,,,,,,
,,Rolife,3,,,,,,,
,,Fortnite,3,,,,,,,
,,OHKA,3,,,,,,,
,,Dumbo,3,,,,,,,
,,Norcom,3,,,,,,,
,,Tombow,3,,,,,,,
,,Gundam,3,,,,,,,
,,Grin,3,,,,,,,
,,elite,3,,,,,,,
,,Splash,3,,,,,,,
,,Monogram,3,,,,,,,
,,Lily Collecdion,3,,,,,,,
,,KPop,3,,,,,,,
,,WREBBIT,3,,,,,,,
,,KROEGER,3,,,,,,,
,,Warhammer,3,,,,,,,
,,Monopoly,3,,,,,,,
,,Spawn,3,,,,,,,
,,Horizon,3,,,,,,,
,,Home Alone,3,,,,,,,
,,SHARP,2,,,,,,,
,,Ultraman,2,,,,,,,
,,Dreamworks Dragon,2,,,,,,,
,,Sharper Image,2,,,,,,,
,,THE MITZVAH TOTE,2,,,,,,,
,,AEW,2,,,,,,,
,,U Brand,2,,,,,,,
,,MIGHTY JAXX,2,,,,,,,
,,Zoom Sour,2,,,,,,,
,,KITTRICH,2,,,,,,,
,,Pixar,2,,,,,,,
,,Just Play,2,,,,,,,
,,Lchaim Tish,2,,,,,,,
,,Roblox,2,,,,,,,
,,kangaru,2,,,,,,,
,,Retro Toys,2,,,,,,,
,,Evangelion,2,,,,,,,
,,ET,2,,,,,,,
,,Rescue Heroes,2,,,,,,,
,,Tinny Taffy,2,,,,,,,
,,Tokyo Revengers,2,,,,,,,
,,Loyal Subjects,2,,,,,,,
,,Yippy Dippy,2,,,,,,,
,,RANENU,2,,,,,,,
,,magic the gathering,2,,,,,,,
,,Funko,2,,,,,,,
,,Beast Kingdom,2,,,,,,,
,,FurReal,2,,,,,,,
,,Strawberry Shortcake,2,,,,,,,
,,Gumby,2,,,,,,,
,,Coca-Cola,2,,,,,,,
,,greentouch,2,,,,,,,
,,Tamagotchi,2,,,,,,,
,,Blippi,2,,,,,,,
,,TALICOR,2,,,,,,,
,,HUFFY,2,,,,,,,
,,Zeekio,2,,,,,,,
,,CIPTON,2,,,,,,,
,,SD Cards,2,,,,,,,
,,Bigjigs Toys,2,,,,,,,
,,YART,2,,,,,,,
,,Hotaling,2,,,,,,,
,,Jelloz,2,,,,,,,
,,Jujutsu Kaisen,2,,,,,,,
,,Lechaim Productions,2,,,,,,,
,,Aquabeads,2,,,,,,,
,,Gund,2,,,,,,,
,,BJ Toys,1,,,,,,,
,,Action Game,1,,,,,,,
,,Aladdin,1,,,,,,,
,,Action Heroes,1,,,,,,,
,,Deadpool,1,,,,,,,
,,Toys R Us,1,,,,,,,
,,Darice,1,,,,,,,
,,Bleach,1,,,,,,,
,,Toysmith,1,,,,,,,
,,Wakanda,1,,,,,,,
,,Dee Best,1,,,,,,,
,,TRU Kids Inc,1,,,,,,,
,,Compound King,1,,,,,,,
,,Chazak dist,1,,,,,,,
,,CHINUCH STEP BY STEP INC.,1,,,,,,,
,,Aviv Judaica,1,,,,,,,
,,Cars,1,,,,,,,
,,Astro Venture,1,,,,,,,
,,Bambi,1,,,,,,,
,,ArtSkills,1,,,,,,,
,,Arizona Tea,1,,,,,,,
,,UNO,1,,,,,,,
,,Bananagrams,1,,,,,,,
,,Daniel Tiger,1,,,,,,,
,,Wizard of the Coast,1,,,,,,,
,,BOX CANDIY,1,,,,,,,
,,Barney,1,,,,,,,
,,Twister,1,,,,,,,
,,TWINKELZ,1,,,,,,,
,,Crownline,1,,,,,,,
,,X-Men,1,,,,,,,
,,CultureFly,1,,,,,,,
,,Dan Da Dan,1,,,,,,,
,,Best Choice Products,1,,,,,,,
,,Polly Pocket,1,,,,,,,
,,Disney Junior,1,,,,,,,
,,Nature Bound,1,,,,,,,
,,Mr.Potato Head,1,,,,,,,
,,Mortal Kombat,1,,,,,,,
,,Scientific Explorer,1,,,,,,,
,,Scooby-Doo!,1,,,,,,,
,,SCOTCH,1,,,,,,,
,,Shai Publishing,1,,,,,,,
,,MGA,1,,,,,,,
,,Sharpie,1,,,,,,,
,,Mefoar,1,,,,,,,
,,MAXELL,1,,,,,,,
,,Magic Tree House,1,,,,,,,
,,luckt,1,,,,,,,
,,Small Foot,1,,,,,,,
,,Little Tikes,1,,,,,,,
,,Little People,1,,,,,,,
,,Zuru,1,,,,,,,
,,Little Kids,1,,,,,,,
,,Sophia's,1,,,,,,,
,,Spider Man,1,,,,,,,
,,krazy glue,1,,,,,,,
,,Mushplushies,1,,,,,,,
,,NBA,1,,,,,,,
,,Kirby,1,,,,,,,
,,Ner Lemohor,1,,,,,,,
,,Playthings,1,,,,,,,
,,PopMart,1,,,,,,,
,,Pucky,1,,,,,,,
,,Playhouse,1,,,,,,,
,,Play Visions,1,,,,,,,
,,Play Figures,1,,,,,,,
,,PJ Mask,1,,,,,,,
,,RASKULLZ,1,,,,,,,
,,Peaceable Kingdom,1,,,,,,,
,,PAPER MATE,1,,,,,,,
,,OfficeMax,1,,,,,,,
,,Notebook,1,,,,,,,
,,NMR Brands,1,,,,,,,
,,"Ninjago, Teenage Mutant Ninja Turtles",1,,,,,,,
,,Royal Langnickel,1,,,,,,,
,,Nigun,1,,,,,,,
,,Ruby Red,1,,,,,,,
,,Rudolph,1,,,,,,,
,,Santiago,1,,,,,,,
,,kleenex,1,,,,,,,
,,Kinetic,1,,,,,,,
,,Toothless,1,,,,,,,
,,Haida Trading,1,,,,,,,
,,Gross Out,1,,,,,,,
,,GPX,1,,,,,,,
,,Giantville,1,,,,,,,
,,Geoffrey,1,,,,,,,
,,Genesis By Macy's,1,,,,,,,
,,Funko,1,,,,,,,
,,The New York Doll Collection,1,,,,,,,
,,Fiz,1,,,,,,,
,,TIMELINK,1,,,,,,,
,,Fast lane,1,,,,,,,
,,Far Out Toys,1,,,,,,,
,,FAO Schwarz,1,,,,,,,
,,Timex,1,,,,,,,
,,EXPO,1,,,,,,,
,,Encanto,1,,,,,,,
,,Elmer's,1,,,,,,,
,,Electronic Toys,1,,,,,,,
,,Dora,1,,,,,,,
,,DOMAGRON Novelty,1,,,,,,,
,,Diverse Marketing,1,,,,,,,
,,Disney Villians,1,,,,,,,
,,hachette,1,,,,,,,
,,Hallmark,1,,,,,,,
,,Hammers and Heels,1,,,,,,,
,,Spy Code,1,,,,,,,
,,KidSource,1,,,,,,,
,,Kidsmania,1,,,,,,,
,,Squad Hero,1,,,,,,,
,,Squishmallows,1,,,,,,,
,,STANLEY,1,,,,,,,
,,JuicyOs,1,,,,,,,
,,Star Trek,1,,,,,,,
,,Jijutsu,1,,,,,,,
,,JCT,1,,,,,,,
,,Sticko,1,,,,,,,
,,iscream,1,,,,,,,
,,Iron Giant,1,,,,,,,
,,Imaginarium,1,,,,,,,
,,Imagenext,1,,,,,,,
,,IDM,1,,,,,,,
,,Hello Kitty,1,,,,,,,
,,Hedbanz,1,,,,,,,
,,HaPe,1,,,,,,,
,,handee,1,,,,,,,
,,T4U - Mitzvah Kinder,1,,,,,,,
,,Little Mermaid,1,,,,,,,