Lookup Code,Item Name,Department,Brand,Supplier,Category,Mp,Column1
97138915757,BAT AND BALL SET,Summer - Outdoors,,Rhode Island,,,
97138915757,BAT AND BALL SET,Summer - Outdoors,,Rhode Island,,,
97138901903,2 IN 1 SPEED TOP FLYER,Summer - Outdoors,,Rhode Island,,,
97138901903,2 IN 1 SPEED TOP FLYER,Summer - Outdoors,,Rhode Island,,,
97138808004,RETRO SUNGLASSES,Summer - Outdoors,,Rhode Island,,,
97138808004,RETRO SUNGLASSES,Summer - Outdoors,,Rhode Island,,,
97138803504,MINI PING PONG,Summer - Outdoors,,Rhode Island,,,
97138803504,MINI PING PONG,Summer - Outdoors,,Rhode Island,,,
97138783899,MISTER,Summer - Outdoors,,Rhode Island,,,
97138783899,MISTER,Summer - Outdoors,,Rhode Island,,,
97138783530,BONOCULARS,Summer - Outdoors,,Rhode Island,,,
97138783530,BONOCULARS,Summer - Outdoors,,Rhode Island,,,
97138782618,SUNGLASSES,Summer - Outdoors,,Rhode Island,,,
97138782618,SUNGLASSES,Summer - Outdoors,,Rhode Island,,,
97138760319,HORN,Summer - Outdoors,,Rhode Island,,,
97138760319,HORN,Summer - Outdoors,,Rhode Island,,,
97138748058,BALL,Summer - Outdoors,,Rhode Island,,,
97138748058,BALL,Summer - Outdoors,,Rhode Island,,,
97138730381,ROLL LAND YARN 100 YARDS,Summer - Outdoors,,Rhode Island,,,
97138730381,ROLL LAND YARN 100 YARDS,Summer - Outdoors,,Rhode Island,,,
97138729064,SUPER FLYING DISC,Summer - Outdoors,,Rhode Island,,,
97138729064,SUPER FLYING DISC,Summer - Outdoors,,Rhode Island,,,
97138695338,BOUNCY CLAY,Summer - Outdoors,,Rhode Island,,,
97138695338,BOUNCY CLAY,Summer - Outdoors,,Rhode Island,,,
97138655516,SOCCER BALL,Summer - Outdoors,,Rhode Island,,,
97138655516,SOCCER BALL,Summer - Outdoors,,Rhode Island,,,
97138654960,FOOTBALL,Summer - Outdoors,,Rhode Island,,,
97138654960,FOOTBALL,Summer - Outdoors,,Rhode Island,,,
97138654687,SMALL BASKETBALL,Summer - Outdoors,,Rhode Island,,,
97138654687,SMALL BASKETBALL,Summer - Outdoors,,Rhode Island,,,
97138650184,ROCKET DART,Summer - Outdoors,,Rhode Island,,,
97138650184,ROCKET DART,Summer - Outdoors,,Rhode Island,,,
97138645661,BLACKBOARD AND CHALK SET,Summer - Outdoors,,Rhode Island,,,
97138645661,BLACKBOARD AND CHALK SET,Summer - Outdoors,Toy Network,Rhode Island,,,
97138631565,WOODEN HANDLE JUMP ROPE,Summer - Outdoors,,Rhode Island,,,
97138631565,WOODEN HANDLE JUMP ROPE,Summer - Outdoors,,Rhode Island,,,
97138614469,BASKET BALL,Summer - Outdoors,,Rhode Island,,,
97138614469,BASKET BALL,Summer - Outdoors,,Rhode Island,,,
97138610676,JUMP ROPE,Summer - Outdoors,,Rhode Island,,,
97138610676,JUMP ROPE,Summer - Outdoors,,Rhode Island,,,
97138610669,BUBBLES 12 PACK,Summer - Outdoors,,Rhode Island,Bubbles,,
97138610669,BUBBLES 12 PACK,Summer - Outdoors,,Rhode Island,Bubbles,,
97138600899,BOOMERANG,Summer - Outdoors,,Rhode Island,,,
97138600899,BOOMERANG,Summer - Outdoors,,Rhode Island,,,
97138600813,JUMP ROPE,Summer - Outdoors,,Rhode Island,,,
97138600813,JUMP ROPE,Summer - Outdoors,,Rhode Island,,,
97138600585,WATER GUN,Summer - Outdoors,,Rhode Island,,,
97138600585,WATER GUN,Summer - Outdoors,,Rhode Island,,,
97138600523,FLYING SAUCER,Summer - Outdoors,,Rhode Island,,,
97138600523,FLYING SAUCER,Summer - Outdoors,,Rhode Island,,,
97138661531,10 COLOUR PEN,School Supplies,Toy Network,Rhode Island,,,
97138661531,10 COLOUR PEN,School Supplies,,Rhode Island,,,
97138620941,MEASURING TAPE,School Supplies,,Rhode Island,,,
97138620941,MEASURING TAPE,School Supplies,,Rhode Island,,,
97138653574,TRUMPET,S.T.E.M & Magic,,Rhode Island,,,
97138653574,TRUMPET,S.T.E.M & Magic,,Rhode Island,,,
97138916198,AMAZING MAGIC TRICKS,S.T.E.M & Magic,,Rhode Island,,,
97138916198,AMAZING MAGIC TRICKS,S.T.E.M & Magic,,Rhode Island,,,
97138650931,Magnetic Rattle Snake Eggs,S.T.E.M & Magic,,Rhode Island,,,
97138650931,Magnetic Rattle Snake Eggs,S.T.E.M & Magic,,Rhode Island,,,
97138650931,Magnetic Rattle Snake Eggs,S.T.E.M & Magic,,Rhode Island,,,
97138786104,"Doodle Face 5""x6""",S.T.E.M & Magic,,Rhode Island,,,
97138786104,"Doodle Face 5""x6""",S.T.E.M & Magic,,Rhode Island,,,
97138916228,MAGIC WAND,S.T.E.M & Magic,,Rhode Island,,,
97138916228,MAGIC WAND,S.T.E.M & Magic,,Rhode Island,,,
97138669711,MAGIC CANDLES,S.T.E.M & Magic,,Rhode Island,,,
97138669711,MAGIC CANDLES,S.T.E.M & Magic,,Rhode Island,,,
97138916075,MAGIC ERASE DRAWING BOARD,S.T.E.M & Magic,,Rhode Island,,,
97138916075,MAGIC ERASE DRAWING BOARD,S.T.E.M & Magic,,,,,
97138678997,MAGIC WAND,S.T.E.M & Magic,,,,,
97138678997,MAGIC WAND,S.T.E.M & Magic,,,,,
97138765901,METAL PUZZALE,Puzzles,,,,,
97138765901,METAL PUZZALE,Puzzles,,,,,
97138771933,ADULT COWBOY HAT,Purim,,,Kids Purim Costumes & Accessories,,
97138771933,ADULT COWBOY HAT,Purim,,,Kids Purim Costumes & Accessories,,
97138858375,PIRATE EYE PATCH,Purim,,,Kids Purim Costumes & Accessories,,
97138858375,PIRATE EYE PATCH,Purim,,,Kids Purim Costumes & Accessories,,
97138610805,BOMB BAG,Purim,,,Kids Purim Costumes & Accessories,,
97138610805,BOMB BAG,Purim,,,Kids Purim Costumes & Accessories,,
97138774293,PINK STRIPES HAT,Purim,,,Kids Purim Costumes & Accessories,,
97138774293,PINK STRIPES HAT,Purim,,,Kids Purim Costumes & Accessories,,
97138909442,STRAW GLASSES,Purim,,,Kids Purim Costumes & Accessories,,
97138909442,STRAW GLASSES,Purim,,,Kids Purim Costumes & Accessories,,
97138610584,PIRATE SWORD,Purim,,,Kids Purim Costumes & Accessories,,
97138610584,PIRATE SWORD,Purim,,,Kids Purim Costumes & Accessories,,
97138663061,METAL SLINKY,Prizes & Novelty,,,,,
97138663061,METAL SLINKY,Prizes & Novelty,,,,,
97138664525,METAL SLINGY,Prizes & Novelty,,,,,
97138664525,METAL SLINGY,Prizes & Novelty,,,,,
97138611321,"(T) 3"" (80mm) Coil Spring",Prizes & Novelty,,,,,
97138611321,"(T) 3"" (80mm) Coil Spring",Prizes & Novelty,,,,,
97138600226,SLINKY,Prizes & Novelty,,,,,
97138600226,SLINKY,Prizes & Novelty,,,,,
97138785664,LASER FINGER,Prizes & Novelty,,,,,
97138785664,LASER FINGER,Prizes & Novelty,,,,,
97138610744,STICKY HAND,Prizes & Novelty,,,,,
97138610744,STICKY HAND,Prizes & Novelty,,,,,
97138920324,DONUT PILLOW,Plush,,,,,
97138920324,DONUT PILLOW,Plush,,,,,
97138879752,"6"" PLUSH TRAFFIC SIGN",Plush,,,,,
97138879752,"6"" PLUSH TRAFFIC SIGN",Plush,,,,,
97138842800,QUBZ EMOTICON,Plush,,,,,
97138842800,QUBZ EMOTICON,Plush,,,,,
97138935502,Jumbo Sparkle Water Wiggler 8,Play Figures,,,,,
97138971418,BASKETBALL,Outdoor,,,Balls,,
97138690487,"(T) 3.5"" 2-Minute Sand Timer",Impulse,,,,,
97138912121,SQUISH STRETCH BALL,Impulse,,,Fidgets,,
97138912121,SQUISH STRETCH BALL,Impulse,,,Fidgets,,
97138897312,STRETCH AND SHAPE PUTTY,Impulse,,,Fidgets,,
97138897312,STRETCH AND SHAPE PUTTY,Impulse,,,Fidgets,,
97138886521,SQUISHY DONUT,Impulse,,,Fidgets,,
97138886521,SQUISHY DONUT,Impulse,,,Fidgets,,
97138620323,Classic Card Game Assortment,Games & Puzzles,,,,,
97138620323,Classic Card Game Assortment,Games & Puzzles,,,,,
97138663375,PLAYING CARDS,Games & Puzzles,,,,,
97138663375,PLAYING CARDS,Games & Puzzles,,,,,
97138915801,Game of Chess,Games & Puzzles,,,,,
97138616531,CATCH GAME,Games & Puzzles,,,,,
97138616531,CATCH GAME,Games & Puzzles,,,,,
97138901729,RUBBER BAND GAME,Games & Puzzles,,,,,
97138901729,RUBBER BAND GAME,Games & Puzzles,,,,,
97138640338,RUBBER DUCKY,Baby & Toddler Toys,,,,,
97138640338,RUBBER DUCKY,Baby & Toddler Toys,,,,,
97138930651,MILK & JUICE BOTTLE,Baby & Toddler Toys,,,"Food, Pretend Play",,
97138616395,RUBBER DUCK,Baby & Toddler Toys,,,,,
97138616395,RUBBER DUCK,Baby & Toddler Toys,,,,,
97138912084,"4"" Rainbow Bouncing Putty",Arts & Crafts,,,,,
97138849205,RING,Arts & Crafts,,,,,
97138849205,RING,Arts & Crafts,,,,,
97138701893,ZOO CRAYONS,Arts & Crafts,,,,,
97138701893,ZOO CRAYONS,Arts & Crafts,,,,,
97138834171,SMILEY GLASSES,Arts & Crafts,,,,,
97138834171,SMILEY GLASSES,Arts & Crafts,,,,,
97138865076,ALIEN SLIME,Arts & Crafts,,,,,
97138865076,ALIEN SLIME,Arts & Crafts,,,,,
97138768582,SCREAMERZ,Arts & Crafts,,,,,
97138768582,SCREAMERZ,Arts & Crafts,,,,,
97138725202,101 PCS ART SET,Arts & Crafts,,,,,
97138725202,101 PCS ART SET,Arts & Crafts,,,,,
786138704927,3 PCS EMOJI PENCIL,Arts & Crafts,,,Pencil,,
786138704927,3 PCS EMOJI PENCIL,Arts & Crafts,,,Pencil,,
97138966834,Sand Valley Scene Scape,,,,,,
97138863119,"8"" EMOTICON DISC BRACELET",,,,,,
97138863119,"8"" EMOTICON DISC BRACELET",,,,,,
97138847669,thunder can,,,,,,
97138847669,thunder can,,,,,,
97138600714,GUMBALL MACHINE,,,,,,
97138600714,GUMBALL MACHINE,,,,,,
97138600714,GUMBALL MACHINE,,,,,,
97138926210,"31"" Lacrosse Set",,,,,,
97138926210,"31"" Lacrosse Set",,,,,,
97138915665,PREMIUM YO-YO,,,,,,
97138915665,PREMIUM YO-YO,,,,,,
97138770219,ALIEN SLINGSHOT,,,,,,
97138770219,ALIEN SLINGSHOT,,,,,,
97138400819,PARTY STRING,,,,,,
97138400819,PARTY STRING,,,,,,
97138913197,FOAM DART BLASTER,,,,,,
97138913197,FOAM DART BLASTER,,,,,,
97138616852,CHINESE JUMP ROPE,,,,,,
97138616852,CHINESE JUMP ROPE,,,,,,
97138616852,CHINESE JUMP ROPE,,,,,,
97138635730,DISAPPEARING INK,,,,,,
97138635730,DISAPPEARING INK,,,,,,
97138635730,DISAPPEARING INK,,,,,,
97138960573,"T13 SQUEEZY SUGAR FRUIT ASSORTMENT 2.5""-5"" (12PC)",,,,,,
97138982827,GLITTER COIN PURSE,,,,,,
97138969880,Ice Cream Clay Slime,,,,,,
97138966797,Sensory Water Stick Volcano,,,,,,
97138963420,Metal Wire Fidget Puzzle,,,,,,
97138976611,Light-Up Loop Ball Backpack Clip,,,,,,
97138974952,Comet Ribbon Ball,,,,,,
97138674579,Fish Water Game,,,,,,
97138657428,Touchable Bubbles,,,,,,
97138698858,Acoustic Guitar,,,,,,
97138964465,"2"" Metal IQ Wire Puzzles",,,,,,
97138964465,"2"" Metal IQ Wire Puzzles",,,,,,
97138961334,Rocket Balloon 20pk,,,,,,
97138669063,TIARA BLINKING,,,,,,
97138669063,TIARA BLINKING,,,,,,
97138774026,PRINCESS SET,,,,,,
97138941602,"21.5"" Baseball Bat Set",,,,,,
97138957658,Pickleball Practice Set,,,,,,
97138969996,"(T) 6"" Desktop Sandbag Game",,,,,,
97138961839,"Metal Horseshoe Magnet 4""",,,,,,
97138955586,"4.5"" Desktop Coin Bouncing Game",,,,,,
97138936424,(T) 15pc Die-Cast Construction Vehicles Play Set,,,,,,
97138932839,(T) 12pc Handyman Tool Set,,,,,,
97138932150,"(T) Mini Tumbling Towers Game 3.75""",,,,,,
97138929440,(T) 15pc Die-Cast Military Play Set,,,,,,
97138929426,(T) 15pc Die-Cast Fire Fighter Play Set,,,,,,
97138927583,"(T) Mini Desktop Punching Bag 5""",,,,,,
97138639325,"(T) 10pc 2.75"" Die-Cast Race Car Set",,,,,,
97138913272,"(T) Medium Beauty Set 8.25""x14.5""",,,,,,
97138913173,"(T) 5"" Ball Launcher",,,,,,
97138725141,"(T) 8.5"" Sports Slap Games",,,,,,
97138782328,"14"" Jumbo Ice Cream Launcher",,,,,,
97138747662,Rubber Ducky,,,,,,
97138959614,Bath TIME Crayons,,,,,,
97138906694,Squeeze Mesh Bead Ball,,,,,,
97138894014,Mancala,,,,,,
97138906533,WATER BLASTER,,,,,,
97138925985,guitar,,,,,,
97138962812,SQUIRT LIGHTER,,,,,,
97138954442,PIRATE TEETH,,,,,,
97138954428,SQUIRT CALCULATOR,,,,,,
97138954350,FAKE WAD OF GUM,,,,,,
97138954558,PAINLESS PIERCINGS,,,,,,
97138954268,SQUIRT RING,,,,,,
97138954541,BONE CRACKER,,,,,,
97138954534,GIGGLE NOISE MAKER,,,,,,
97138600622,water blaster,,,,,,
97138776044,Pin-Art,,,,,,
97138707499,WATER BOTTLE,,,,,,
97138756008,STRETCHY HANDCUFFS,,,,,,
97138637833,WOODEN MAGIC CUBE PUZZLE,,,,,,
97138959850,Size 5 Soccer Ball,,,,,,
97138949530,Neon Wrist Band Return Ball,,,,,,
97138927910,Echo Microphone,,,,,,
97138304773,STOP PLUSH,,,,,,
97138926203,STREET HOCKEY: STICKS & PUCK & BALL,,,,,,
97138770202,chicken slingshot,,,,,,
97138612120,Tic Tac Toe,,,,,,
97138713131,love your teeth,,,,,,
97138611666,CLACKER,,,,,,
97138915795,bunny chick wind ups,,,,,,
97138663023,HARD BASEBALL,,,,,,
97138769312,Plastic Beach Play Set 4pc,,,,,,
97138610447,Chattering Teeth,,,,,,
97138757449,Water Game,,,,,,
97138610416,jump rope,,,,,,
97138835802,usa flag basketball,,,,,,
97138677235,PADD;E GAME,,,,,,
97138819642,dollar design football,,,,,,
97138954596,"10"" Fun Saying Paddle Ball Assortment",,,,,,
97138954596,"10"" Fun Saying Paddle Ball Assortment",,,,,,
97138954466,SEVERED EAR,,,,,,
97138954466,SEVERED EAR,,,,,,
97138954411,TRICK PENCIL,,,,,,
97138954411,TRICK PENCIL,,,,,,
97138954398,SQUIRT PEN,,,,,,
97138954398,SQUIRT PEN,,,,,,
97138952684,Jump Rope-7ft,,,,,,
97138952684,Jump Rope-7ft,,,,,,
97138954299,CLOWN NOSE,,,,,,
97138954299,CLOWN NOSE,,,,,,
97138949905,Squish Mesh Ball,,,,,,
97138949905,Squish Mesh Ball,,,,,,
97138949356,hand drum,,,,,,
97138949356,hand drum,,,,,,
97138949288,Sports Wrist Band Return Bal,,,,,,
97138949288,Sports Wrist Band Return Bal,,,,,,
97138946454,SNAP & CLICK PUZZLE,,,,,,
97138946454,SNAP & CLICK PUZZLE,,,,,,
97138946447,SNAP AND CLICK,,,,,,
97138946447,SNAP AND CLICK,,,,,,
97138944870,DISAPPEARING INK BLASTERS,,,,,,
97138944870,DISAPPEARING INK BLASTERS,,,,,,
97138944399,PADDLE BALL GAME,,,,,,
97138944399,PADDLE BALL GAME,,,,,,
97138940797,MARBLES,,,,,,
97138940797,MARBLES,,,,,,
97138936653,NUMBER PUZZLE,,,,,,
97138936653,NUMBER PUZZLE,,,,,,
97138931580,HANDCUFF,,,,,,
97138931580,HANDCUFF,,,,,,
97138936073,EGG,,,,,,
97138936073,EGG,,,,,,
97138931290,Magnetic wheel,,,,,,
97138931290,Magnetic wheel,,,,,,
97138931191,METAL HANDCUFFS,,,,,,
97138931191,METAL HANDCUFFS,,,,,,
97138931085,Jumbo Badminton Racket,,,,,,
97138931085,Jumbo Badminton Racket,,,,,,
97138931078,Jumbo Tennis Racket Set,,,,,,
97138931078,Jumbo Tennis Racket Set,,,,,,
97138930156,metal slinky,,,,,,
97138930156,metal slinky,,,,,,
97138929778,JUMBO BADMINTON SET,,,,,,
97138929778,JUMBO BADMINTON SET,,,,,,
97138929723,"RAINBOW PIN ART 5""X3.75""",,,,,,
97138929723,"RAINBOW PIN ART 5""X3.75""",,,,,,
97138929266,RUBBER CHINKEN,,,,,,
97138929266,RUBBER CHINKEN,,,,,,
97138876904,MERMAID PURSE,,,,,,
97138876904,MERMAID PURSE,,,,,,
97138801258,GUN,,,,,,
97138801258,GUN,,,,,,
97138786975,PURSE,,,,,,
97138786975,PURSE,,,,,,
97138782175,MUSTACHE,,,,,,
97138782175,MUSTACHE,,,,,,
97138775313,GLASSES,,,,,,
97138775313,GLASSES,,,,,,
97138722799,HAT,,,,,,
97138722799,HAT,,,,,,
97138683007,NEON PADDLE BALL,,,,,,
97138683007,NEON PADDLE BALL,,,,,,
97138674043,GIRLS CROWN,,,,,,
97138674043,GIRLS CROWN,,,,,,
97138646019,SAFE BANK,,,,,,
97138646019,SAFE BANK,,,,,,
97138616548,ICE CREAM SHOOTER,,,,,,
97138616548,ICE CREAM SHOOTER,,,,,,
97138923547,Wooden Chess Set,,,,,,
97138777096,LARGE METAL SLINKY,,,,,,
97138920096,RAINBOW GLITTER CAP,,,,,,
97138920096,RAINBOW GLITTER CAP,,,,,,
97138918192,light up chain,,,,,,
97138918192,light up chain,,,,,,
97138918161,MINI ACTION RACERS,,,,,,
97138918161,MINI ACTION RACERS,,,,,,
97138906496,WATER BLASTER,,,,,,
97138906496,WATER BLASTER,,,,,,
97138894991,LIGHT UP JUMP ROBE,,,,,,
97138894991,LIGHT UP JUMP ROBE,,,,,,
97138894397,HAT,,,,,,
97138894397,HAT,,,,,,
97138893611,NINJA WEAPON SET,,,,,,
97138893611,NINJA WEAPON SET,,,,,,
97138873101,donut key chain,,,,,,
97138873101,donut key chain,,,,,,
97138883049,Rubber Pink High Bounce Ball,,,,,,
97138883049,Rubber Pink High Bounce Ball,,,,,,
97138869050,"22"" Bouncing Pony",,,,,,
97138869050,"22"" Bouncing Pony",,,,,,
97138836502,BASKETBALL,,,,,,
97138836502,BASKETBALL,,,,,,
97138818362,CHILD COWBOY HAT,,,,,,
97138818362,CHILD COWBOY HAT,,,,,,
97138795328,PIRATE 5PC SET,,,,,,
97138795328,PIRATE 5PC SET,,,,,,
97138788184,light up princess stick,,,,,,
97138788184,light up princess stick,,,,,,
97138726407,12 BEADS,,,,,,
97138726407,12 BEADS,,,,,,
97138730787,hat,,,,,,
97138730787,hat,,,,,,
97138709639,CROWN,,,,,,
97138695703,FLASHING TAMBOURINE,,,,,,
97138695703,FLASHING TAMBOURINE,,,,,,
97138698278,GUITAR,,,,,,
97138698278,GUITAR,,,,,,
97138677297,WATER BOTTLE,,,,,,
97138659200,Marbles,,,,,,
97138659200,Marbles,,,,,,
97138652942,HAND BUZZER,,,,,,
97138652942,HAND BUZZER,,,,,,
97138645289,"8"" FOAM FOOTBALL",,,,,,
97138645289,"8"" FOAM FOOTBALL",,,,,,
97138642462,TIE DYE HAT,,,,,,
97138642462,TIE DYE HAT,,,,,,
97138641724,12 BEADS,,,,,,
97138641724,12 BEADS,,,,,,
97138632432,Make Your Own Ball Kit,,,,,,
97138632432,Make Your Own Ball Kit,,,,,,
97138621566,ball launcher,,,,,,
97138621566,ball launcher,,,,,,
97138600981,GLOW STAR and MOON STICK ONS,,,,99Â¢ -Below5,,
97138600981,GLOW STAR and MOON STICK ONS,,,,99Â¢ -Below5,,
97138611697,GLASSES,,,,,,
97138611697,GLASSES,,,,,,
97138600103,"17"" Giant Bomber Glide",,,,,,
97138600103,"17"" Giant Bomber Glide",,,,,,
97138685889,Beach Safe,,,,,,
97138709646,CROWN,,,,,,
97138709646,CROWN,,,,,,
97138872333,SEQUIN SLAP BRACELET,,,,,,
97138872333,SEQUIN SLAP BRACELET,,,,,,
97138836458,EMOJI RING,,,,,,
97138836458,EMOJI RING,,,,,,
97138619037,CRAYON,,,,,,
97138619037,CRAYON,,,,,,
97138616845,YOYO,,,,,,
97138616845,YOYO,,,,,,
97138920195,PIZZA TOSS,,,,,,
97138920195,PIZZA TOSS,,,,,,
97138775856,KEY CHAIN,,,,,,
97138775856,KEY CHAIN,,,,,,
97138669759,DOMINO 28PC SET IN WOODEN BOX,,,,,,
97138669759,DOMINO 28PC SET IN WOODEN BOX,,,,,,
97138658951,KICKBALL,,,,,,
97138658951,KICKBALL,,,,,,
97138616838,SHEILD AND SWORD,,,,,,
97138600202,DROOPY EYES,,,,,,
97138600202,DROOPY EYES,,,,,,
97138610591,SNAP GUM,,,,,,
97138610591,SNAP GUM,,,,,,
97138916105,FIREMAN FIRST RESPONSE,,,,,,
97138916105,FIREMAN FIRST RESPONSE,,,,,,
97138913258,FOAM BALL BLASTER,,,,,,
97138913258,FOAM BALL BLASTER,,,,,,
97138682635,HAT,,,,,,
97138682635,HAT,,,,,,
97138652768,WHITE GLOVES,,,,,,
97138843364,EMOTICON PEN,,,,,,
97138843364,EMOTICON PEN,,,,,,
97138796790,FLASHING GUN,,,,,,
97138796790,FLASHING GUN,,,,,,
97138729194,BIG PEN,,,,,,
97138753069,GLASSES,,,,,,
97138753069,GLASSES,,,,,,
97138722683,DRAWING BOARD KEYCHAIN,,,,,,
97138908605,PUFF CIGARETTES,,,,,,
97138908605,PUFF CIGARETTES,,,,,,
97138901910,SUPER SAUCER LAUNCHER,,,,,,
97138901910,SUPER SAUCER LAUNCHER,,,,,,
97138704993,GLASSES,,,,,,
97138704993,GLASSES,,,,,,
97138616999,eraser,,,,,,
97138658845,PAINT,,,,,,
97138658845,PAINT,,,,,,
97138895004,SKIP BALL,,,,,,
97138895004,SKIP BALL,,,,,,
97138884510,HIGH BOUNCE BALL,,,,,,
97138884510,HIGH BOUNCE BALL,,,,,,
97138872128,SWIRLY LOOP,,,,,,
97138832146,DRUM SET,,,,,,
97138832146,DRUM SET,,,,,,
97138760005,8 LOOT BAGS,,,,,,
97138760005,8 LOOT BAGS,,,,,,
97138775320,GLASSES,,,,,,
97138775320,GLASSES,,,,,,
97138735799,rainbow coil spring,,,,,,
97138675705,"6"" WOODEN PICK UP STICKS",,,,,,
97138675705,"6"" WOODEN PICK UP STICKS",,,,,,
97138651112,LED FAN,,,,,,
97138651112,LED FAN,,,,,,
97138750891,HORN,,,,,,
97138750891,HORN,,,,,,
97138921291,KNEE SOCKS,,,,,,
97138921291,KNEE SOCKS,,,,,,
97138876744,DONUT WALLET,,,,,,
97138876744,DONUT WALLET,,,,,,
97138822895,MINI PING PONG,,,,,,
97138822895,MINI PING PONG,,,,,,
97138671745,MUSICAL,,,,,,
97138632937,MINI WATER THING,,,,,,
97138632937,MINI WATER THING,,,,,,
97138626745,"4.75"" SMILE WATER WIGGLER",,,,,,
97138626745,"4.75"" SMILE WATER WIGGLER",,,,,,
97138610201,BEACHCOMBER,,,,,,
97138610201,BEACHCOMBER,,,,,,
97138758088,PG8 BALL,,,,,,
97138721839,Jacobs Ladder,,,,,,
97138721839,Jacobs Ladder,,,,,,
97138920638,"T13 TS - 3.25"" DIY CUPCAKE PUTTY (12PCS/UNIT)",,,,,,
97138882134,"T13 TS-3.5"" BEADED SQUISH ICE CREAM CONE",,,,,,
97138882134,"T13 TS-3.5"" BEADED SQUISH ICE CREAM CONE",,,,,,
97138950666,"T13 2.5"" MARBLEIZED EGG SIDEWALK CHALK (1PCS/SET)",,,,,,
97138914071,"T13 TS - 8,25"" SQUISH FAST FOOD PENS (12PCS/UNIT)",,,,,,
97138984135,"T8.5 5.6"" WAFFLE CLAY SLIME KIT 12CT",,,,,,
97138984586,T13 SQUISHY STRETCHY 6PC FRUIT CUP 12CT,,,,,,
971389699903,"4.75"" PIZZA SLIME 8CT",,,,,,
97138984111,"T8.5 5.6"" ICE CREAM CLAY SLIME KIT 12CT",,,,,,
97138984104,"T8.5 3.2"" CHEESEBURGER CLAY SLIME 12CT",,,,,,
97138984142,"T8.5 5.6"" CHEESEBURGER CLAY SLIME KIT 12CT",,,,,,
97138984098,"T8.5 3.6"" DONUT CLAY SLIME 12CT",,,,,,
97138984128,"T8.5 5.6"" DONUT CLAY SLIME KIT 12CT",,,,,,
97138969910,"T13 4.75"" BUBBLE TEA SLIME 12CT",,,,,,
97138970046,"T13 MARSHMALLOW BEAR 2.75"" 12CT",,,,,,
97138950536,T13 TS - SMALL HATCH AND GROW CHICK EGG,,,,,,
97138963345,KIDS GARDEN SHOVEL (6PCS /CASE),,,,,,
97138963352,KIDS PUSH BROOM (6PCS/CASE),,,,,,
97138963338,KIDS GARDEN RAKE (6PCS/CASE),,,,,,
97138973146,"T13 2.5"" KAWAII ANIMAL BUBBLE TEA LIQUID CLIP ON",,,,,,
97138973160,"T13 3"" KAWAII ANIMAL SMOOTHIE LIQUID CLIP ON (24P",,,,,,
97138973177,"T13 2"" KAWAII ANIMAL MILK CARTON LIQUID CLIP ON",,,,,,
97138973092,"T13 2.5"" ICE POP GLITTER CLIP ON (24PCS/DISPLAY)",,,,,,
97138973085,"T13 2"" GUMBALL MACHINE SHAKER CLIP ON (24PCS)",,,,,,
97138923097,"T13 5"" BURGER LED LIGHT",,,,,,
97138931719,"T13 TS - SQUISH AND STRETCH PINEAPPLE 4.33""",,,,,,
97138923103,"T13 5"" CUPCAKE LED LIGHT",,,,,,
97138939968,"T13 TS - 3.25"" SQUISH AND STRETCH HAMBURGER",,,,,,
97138962973,"T13 3"" SQUISH AND STRETCH HAMBURGER",,,,,,
97138959027,"SQUISH STRETCH FRUIT ASSORTMENT 2""- 4.75"" 12CT",,,,,,
97138976161,"T8.5 3"" SQUISH AND STRETCH DONUT 12CT",,,,,,
97138931733,"T13 TS - STRETCH AND SQUEEZE BANANA 5.5"" 12/DISP",,,,,,
97138873149,"T13 6"" SQUISH ICE CREAM 12/DISPLAY",,,,,,
97138883803,"T13 TS - 3"" SQUISH DESSERT (12PCS/UNIT)",,,,,,
97138959867,"T13 3"" SQUEEZY SUGAR BEARS (12PCS/DISPLAY)",,,,,,
97138970169,"T13 SQUEEZY BEAD GUMBALL MACHINE 3.5"" (12PCS)",,,,,,
97138945648,"TS - 4.75"" PIZZA FLYING SAUCER (12PCS/UNIT)",,,,,,
97138969729,"T13 SQUEEZY BEAD GUMBALL MACHINE CLIP ON 2""",,,,,,
97138963086,"10"" PUFFER CARROT (6PCS/DISP)",,,,,,
97138970077,"T13 MARSHMALLOW FRUIT 2.5"" 12CT",,,,,,
97138969927,"4"" DOUGHNUT FIZZY 12CT",,,,,,
97138966384,"T13 ICE CREAM WATER GAME 45"" (24PCS/DISP)",,,,,,
758524371839,Rainbow Pin Art 4.5in,,,,,,
97138618085,DISAPPEARING INK,,,,,,
97138618085,DISAPPEARING INK,,,,,,
97138916006,POLICE GUN TOY RIFLE,,,,,,
97138916006,POLICE GUN TOY RIFLE,,,,,,
97138974969,Squish Gold Bar 12ct,,,,,,